HOJA,COMPONENTE,TIPO,RUTA/FUNCI√ìN,ESTADO,PRIORIDAD,DESCRIPCI√ìN,PROBLEMAS_IDENTIFICADOS,TIEMPO_ESTIMADO,ASIGNADO_A,FECHA_INICIO,FECHA_LIMITE,NOTAS

BOT_COMANDOS,/start,Comando,start(),‚úÖ Funcional,Alta,Mensaje de bienvenida + teclado personalizado,,0.5h,Dev,22/07/2025,22/07/2025,Completado - funciona correctamente
BOT_COMANDOS,/help,Comando,help_command(),‚úÖ Funcional,Media,Lista de comandos y ayuda,,0.5h,Dev,22/07/2025,22/07/2025,Completado - funciona correctamente
BOT_COMANDOS,/status,Comando,status(),‚ö†Ô∏è Error menor,Alta,Verificar estado del sistema,Error m√≥dulo database,1h,Dev,23/07/2025,23/07/2025,PENDIENTE - necesita fix de import
BOT_COMANDOS,/sucursales,Comando,sucursales(),‚ö†Ô∏è Error menor,Media,Lista todas las sucursales,Error m√≥dulo database,1h,Dev,23/07/2025,23/07/2025,PENDIENTE - necesita fix de import
BOT_COMANDOS,/resumen,Comando,resumen(),‚ö†Ô∏è Error menor,Media,Resumen estad√≠stico + bot√≥n dashboard,Error m√≥dulo database,1h,Dev,23/07/2025,23/07/2025,PENDIENTE - necesita fix de import

BOT_BOTONES,üìà Indicadores por √Åreas,Bot√≥n Teclado,indicadores_areas(),‚úÖ Funcional,Alta,Muestra √°reas operativas + mini web app,,1h,Dev,22/07/2025,22/07/2025,Completado - funciona correctamente
BOT_BOTONES,üìã Ayuda,Bot√≥n Teclado,help_command(),‚úÖ Funcional,Baja,Mismo que /help,,0.2h,Dev,22/07/2025,22/07/2025,Completado - funciona correctamente
BOT_BOTONES,üìä Estado,Bot√≥n Teclado,status(),‚ö†Ô∏è Error menor,Media,Mismo que /status,Error m√≥dulo database,1h,Dev,23/07/2025,23/07/2025,PENDIENTE - necesita fix de import

BOT_INLINE,üè™ Ventas,Bot√≥n Inline,area_ventas,üîÑ Datos simulados,Media,M√©tricas simuladas de ventas,Mostrar datos reales de DB,2h,Dev,24/07/2025,24/07/2025,PENDIENTE - integrar datos reales
BOT_INLINE,‚öôÔ∏è Operaciones,Bot√≥n Inline,area_operaciones,üîÑ Datos simulados,Media,M√©tricas simuladas de operaciones,Mostrar datos reales de DB,2h,Dev,24/07/2025,24/07/2025,PENDIENTE - integrar datos reales
BOT_INLINE,üë• Servicio al Cliente,Bot√≥n Inline,area_servicio,üîÑ Datos simulados,Media,M√©tricas simuladas de servicio,Mostrar datos reales de DB,2h,Dev,24/07/2025,24/07/2025,PENDIENTE - integrar datos reales
BOT_INLINE,üì¶ Inventarios,Bot√≥n Inline,area_inventarios,üîÑ Datos simulados,Media,M√©tricas simuladas de inventarios,Mostrar datos reales de DB,2h,Dev,24/07/2025,24/07/2025,PENDIENTE - integrar datos reales
BOT_INLINE,üëî Recursos Humanos,Bot√≥n Inline,area_rrhh,üîÑ Datos simulados,Media,M√©tricas simuladas de RRHH,Mostrar datos reales de DB,2h,Dev,24/07/2025,24/07/2025,PENDIENTE - integrar datos reales
BOT_INLINE,üìä Dashboard Detallado,WebApp Button,/indicadores-areas,‚úÖ Funcional,Alta,Abre dashboard de √°reas,,0.5h,Dev,22/07/2025,22/07/2025,Completado - funciona correctamente
BOT_INLINE,üè† Dashboard Principal,WebApp Button,/,‚úÖ Funcional,Alta,Abre dashboard principal,,0.5h,Dev,22/07/2025,22/07/2025,Completado - funciona correctamente

BOT_MENU,üìä Abrir Dashboard Analytics,Menu Button,WEBAPP_URL,‚úÖ Funcional,Alta,Bot√≥n persistente en chat,,0.5h,Dev,22/07/2025,22/07/2025,Completado - funciona correctamente

FLASK_RUTAS,/,GET Route,metabase_dashboard.html,‚úÖ Funcional,Alta,Dashboard principal,,0.5h,Dev,22/07/2025,22/07/2025,Completado - funciona correctamente
FLASK_RUTAS,/indicadores-areas,GET Route,indicadores_areas.html,‚úÖ Funcional,Alta,Dashboard por √°reas,,0.5h,Dev,22/07/2025,22/07/2025,Completado - funciona correctamente

API_CORE,/api/health,GET,health_check(),‚úÖ Funcional,Alta,Health check + DB status,,0.5h,Dev,22/07/2025,22/07/2025,Completado - funciona correctamente
API_CORE,/api/summary,GET,get_summary_stats(),‚úÖ Funcional,Alta,Estad√≠sticas generales,,1h,Dev,22/07/2025,22/07/2025,Completado - funciona correctamente
API_CORE,/api/sucursales,GET,get_sucursales_list(),‚úÖ Funcional,Media,Lista de sucursales,,0.5h,Dev,22/07/2025,22/07/2025,Completado - funciona correctamente
API_CORE,/api/grupos,GET,get_grupos_operativos(),‚úÖ Funcional,Media,Lista de grupos operativos,,0.5h,Dev,22/07/2025,22/07/2025,Completado - funciona correctamente
API_CORE,/api/areas,GET,get_areas_evaluacion(),‚úÖ Funcional,Media,Lista de √°reas de evaluaci√≥n,,0.5h,Dev,22/07/2025,22/07/2025,Completado - funciona correctamente

API_PERFORMANCE,/api/performance/sucursal,GET,get_performance_by_sucursal_filtered(),‚úÖ Funcional,Alta,Performance por sucursal con filtros,,2h,Dev,22/07/2025,22/07/2025,Completado - filtros funcionando
API_PERFORMANCE,/api/performance/grupo,GET,get_performance_by_grupo_filtered(),‚úÖ Funcional,Alta,Performance por grupo con filtros,,2h,Dev,22/07/2025,22/07/2025,Completado - filtros funcionando
API_PERFORMANCE,/api/performance/area,GET,get_performance_by_area(),‚úÖ Funcional,Media,Performance por √°rea,,1h,Dev,22/07/2025,22/07/2025,Completado - funciona correctamente

API_AREAS,/api/areas/supervision,GET,get_areas_supervision(),‚úÖ Funcional,Alta,Datos de supervisi√≥n por √°rea,,1h,Dev,21/07/2025,21/07/2025,Completado - funciona correctamente
API_AREAS,/api/areas/details/<area>,GET,get_area_details(),‚úÖ Funcional,Media,Detalles de √°rea espec√≠fica,,1h,Dev,21/07/2025,21/07/2025,Completado - funciona correctamente
API_AREAS,/api/areas/trends,GET,get_areas_trends(),‚úÖ Funcional,Baja,Tendencias por √°reas,,1h,Dev,21/07/2025,21/07/2025,Completado - funciona correctamente
API_AREAS,/api/areas/critical,GET,get_critical_areas(),‚úÖ Funcional,Baja,√Åreas cr√≠ticas,,1h,Dev,21/07/2025,21/07/2025,Completado - funciona correctamente
API_AREAS,/api/areas/success,GET,get_success_areas(),‚úÖ Funcional,Baja,√Åreas exitosas,,1h,Dev,21/07/2025,21/07/2025,Completado - funciona correctamente

API_METADATA,/api/metadata/grupos,GET,get_grupos_operativos(),‚úÖ Funcional,Media,Lista grupos para filtros,,0.5h,Dev,22/07/2025,22/07/2025,Completado - funciona correctamente
API_METADATA,/api/metadata/estados,GET,execute_query(),‚úÖ Funcional,Media,Lista estados para filtros,,0.5h,Dev,22/07/2025,22/07/2025,Completado - funciona correctamente

API_EXTRAS,/api/trends,GET,get_trends_by_date(),‚úÖ Funcional,Baja,Tendencias temporales,,1h,Dev,22/07/2025,22/07/2025,Completado - funciona correctamente
API_EXTRAS,/api/metrics,GET,get_detailed_performance(),‚úÖ Funcional,Baja,M√©tricas detalladas con filtros,,1h,Dev,22/07/2025,22/07/2025,Completado - funciona correctamente
API_EXTRAS,/api/export,GET,export_data(),‚úÖ Funcional,Baja,Exportaci√≥n CSV/JSON,,1h,Dev,22/07/2025,22/07/2025,Completado - funciona correctamente

FRONTEND_MAIN,metabase_dashboard.html,Template,Dashboard Principal,‚úÖ Funcional,Alta,Dashboard principal con mapas y gr√°ficos,Mejorar responsive design,4h,Dev,25/07/2025,26/07/2025,PENDIENTE - necesita optimizaci√≥n m√≥vil
FRONTEND_MAIN,dashboard_optimizado.js,JavaScript,Dashboard Principal,‚úÖ Funcional,Alta,JavaScript principal del dashboard,Mejorar error handling,3h,Dev,25/07/2025,26/07/2025,PENDIENTE - necesita mejores validaciones

FRONTEND_AREAS,indicadores_areas.html,Template,Dashboard √Åreas,‚úÖ Funcional,Alta,Dashboard de √°reas de supervisi√≥n,Mejorar responsive design,4h,Dev,25/07/2025,26/07/2025,PENDIENTE - necesita optimizaci√≥n m√≥vil
FRONTEND_AREAS,indicadores_areas.js,JavaScript,Dashboard √Åreas,‚úÖ Funcional,Alta,JavaScript para indicadores por √°reas,Mejorar error handling,3h,Dev,25/07/2025,26/07/2025,PENDIENTE - necesitas mejores validaciones

FRONTEND_ASSETS,mexico-*.js,GeoJSON,Mapas,‚úÖ Funcional,Media,GeoJSON para mapas de M√©xico,Optimizar para m√≥vil,2h,Dev,26/07/2025,27/07/2025,PENDIENTE - optimizaci√≥n pendiente
FRONTEND_ASSETS,metabase_dashboard.css,CSS,Estilos,‚úÖ Funcional,Media,Estilos principales,Mejorar responsive,3h,Dev,26/07/2025,27/07/2025,PENDIENTE - responsive improvements

DATABASE,connection.py,M√≥dulo,Database,‚úÖ Funcional,Alta,Pool de conexiones PostgreSQL,,1h,Dev,20/07/2025,20/07/2025,Completado - funciona correctamente
DATABASE,queries.py,M√≥dulo,Database,‚úÖ Funcional,Alta,Consultas principales,,2h,Dev,21/07/2025,21/07/2025,Completado - funciona correctamente
DATABASE,queries_areas.py,M√≥dulo,Database,‚úÖ Funcional,Alta,Consultas espec√≠ficas de √°reas,,2h,Dev,21/07/2025,21/07/2025,Completado - funciona correctamente

CONFIG,.env,Config,Configuraci√≥n,‚úÖ Funcional,Media,Variables de entorno,,0.2h,Dev,20/07/2025,20/07/2025,Completado - configurado correctamente
CONFIG,requirements.txt,Config,Dependencias,‚úÖ Funcional,Media,Dependencias Python,,0.2h,Dev,20/07/2025,20/07/2025,Completado - funciona correctamente

TESTING,Testing Bot Comandos,Testing,Manual/Automated,‚ùå Pendiente,Alta,Probar todos los comandos del bot,Crear suite de tests,4h,QA,27/07/2025,28/07/2025,PENDIENTE - necesita testing completo
TESTING,Testing Mini Web App,Testing,Manual/Automated,‚ùå Pendiente,Alta,Probar dashboard en diferentes dispositivos,Testing responsive,6h,QA,27/07/2025,29/07/2025,PENDIENTE - testing cross-browser
TESTING,Testing APIs,Testing,Automated,‚ùå Pendiente,Alta,Probar todos los endpoints,Suite de tests API,4h,QA,27/07/2025,28/07/2025,PENDIENTE - testing de carga
TESTING,Testing Filtros,Testing,Manual,‚ùå Pendiente,Alta,Verificar funcionamiento de filtros,Testing de edge cases,3h,QA,28/07/2025,28/07/2025,PENDIENTE - casos l√≠mite

PRODUCCION,Servidor Producci√≥n,Deploy,Infrastructure,‚ùå Pendiente,Alta,Configurar servidor de producci√≥n,Definir infraestructura,8h,DevOps,29/07/2025,31/07/2025,PENDIENTE - necesita planificaci√≥n
PRODUCCION,Base de Datos Prod,Deploy,Database,‚ùå Pendiente,Alta,Configurar BD de producci√≥n,Migraci√≥n y backup,4h,DevOps,29/07/2025,30/07/2025,PENDIENTE - configuraci√≥n pendiente
PRODUCCION,HTTPS/SSL,Deploy,Security,‚ùå Pendiente,Alta,Configurar certificados SSL,Seguridad HTTPS,2h,DevOps,30/07/2025,30/07/2025,PENDIENTE - certificados SSL
PRODUCCION,Domain/DNS,Deploy,Infrastructure,‚ùå Pendiente,Media,Configurar dominio personalizado,Reemplazar ngrok,3h,DevOps,30/07/2025,31/07/2025,PENDIENTE - dominio personalizado
PRODUCCION,Monitoring,Deploy,Operations,‚ùå Pendiente,Media,Sistema de monitoreo,Logs y alertas,4h,DevOps,31/07/2025,01/08/2025,PENDIENTE - configurar monitoring

MEJORAS,Error Handling Frontend,Enhancement,Frontend,‚ùå Pendiente,Media,Mejorar manejo de errores,Loading states y fallbacks,4h,Dev,26/07/2025,27/07/2025,PENDIENTE - UX improvements
MEJORAS,Responsive Design,Enhancement,Frontend,‚ùå Pendiente,Alta,Optimizar para m√≥viles,Testing en dispositivos,6h,Dev,26/07/2025,28/07/2025,PENDIENTE - mobile optimization
MEJORAS,Offline Support,Enhancement,Frontend,‚ùå Pendiente,Baja,Soporte para datos offline,Cache y fallbacks,8h,Dev,01/08/2025,03/08/2025,FUTURO - nice to have
MEJORAS,Performance Optimization,Enhancement,Backend,‚ùå Pendiente,Media,Optimizar consultas BD,√çndices y cache,4h,Dev,28/07/2025,29/07/2025,PENDIENTE - optimization
MEJORAS,Real-time Updates,Enhancement,Full Stack,‚ùå Pendiente,Baja,Actualizaciones en tiempo real,WebSockets,12h,Dev,03/08/2025,05/08/2025,FUTURO - advanced feature

DOCUMENTACION,README Actualizado,Docs,Documentation,‚ùå Pendiente,Media,Actualizar documentaci√≥n,Instrucciones completas,2h,Dev,31/07/2025,31/07/2025,PENDIENTE - docs update
DOCUMENTACION,API Documentation,Docs,Documentation,‚ùå Pendiente,Media,Documentar todos los endpoints,Swagger/OpenAPI,4h,Dev,01/08/2025,02/08/2025,PENDIENTE - API docs
DOCUMENTACION,User Manual,Docs,Documentation,‚ùå Pendiente,Baja,Manual de usuario,Gu√≠a de uso,3h,Dev,02/08/2025,03/08/2025,FUTURO - user guide